<?xml version="1.0" encoding="UTF-8" standalone="yes"?>
<manifest>
  <control namespace="PiePCF" constructor="Pie" version="0.0.1" display-name-key="Pie" description-key="Pie description" control-type="standard" api-version="1.3.5">
    <external-service-usage enabled="false"/>
    <data-set name="sampleDataSet" display-name-key="Dataset_Display_Key">
      <property-set name="Data" display-name-key="Property_Display_Key" description-key="Property_Desc_Key" of-type="SingleLine.Text" usage="bound" required="true"/>
      <property-set name="value" display-name-key="Property_Display_Key" description-key="Property_Desc_Key" of-type="Decimal" usage="bound" required="true"/>
    </data-set>
    <resources>
      <code path="bundle.js" order="1"/>
    </resources>
    <built-by name="pac" version="1.21.13"/>
  </control>
</manifest>